iteration1,iteration2,iteration3,iteration4,iteration5
0.1496734619140625,0.03048396110534668,0.031548500061035156,0.033475637435913086,0.024950027465820312
