iteration1,iteration2,iteration3,iteration4,iteration5
0.0175631046295166,0.01766204833984375,0.01633143424987793,0.015549659729003906,0.014676332473754883
