iteration1,iteration2,iteration3,iteration4,iteration5
0.019386768341064453,0.02609848976135254,0.02287745475769043,0.02060842514038086,0.018135547637939453
