iteration1,iteration2,iteration3,iteration4,iteration5
0.019041776657104492,0.018051624298095703,0.01448965072631836,0.01600503921508789,0.01661372184753418
