iteration1,iteration2,iteration3,iteration4,iteration5
0.0225832462310791,0.02276921272277832,0.022173404693603516,0.021948575973510742,0.021134138107299805
